<?xml version="1.0" encoding="utf-8" ?>
<manifest xmlns="http://www.imsglobal.org/xsd/imscp_v1p1"
          xmlns:xsi="http://www.w3.org/2001/XMLSchema-instance"
          xmlns:adlcp="http://www.adlnet.org/xsd/adlcp_rootv1p2"
          xmlns:cwsp="http://www.dspace.org/xmlns/cwspace_imscp"
          xmlns:ocw="https://ocw.mit.edu/xmlns/ocw_imscp"
          xmlns:lom="https://ocw.mit.edu/xmlns/LOM"
          identifier="urn_edu.mit.ocw_2-20-marine-hydrodynamics-13-021-spring-2005"
          version="2020-12-30T1:17:42"
          cwsp:packageType="Course"
          xml:base="2-20-spring-2005/"
          xsi:schemaLocation="http://www.imsglobal.org/xsd/imscp_v1p1 http://www.imsglobal.org/xsd/imscp_v1p1.xsd  http://www.adlnet.org/xsd/adlcp_rootv1p2 http://www.adlnet.org/xsd/adlcp_rootv1p2.xsd http://www.dspace.org/xmlns/cwspace_imscp http://www.dspace.org/xsd/cwspace_imscp/version10/cwspace_imscpv10.xsd https://ocw.mit.edu/xmlns/ocw_imscp https://ocw.mit.edu/xsd/ocw_imscp/version10/ocw_imscpv10.xsd https://ocw.mit.edu/xmlns/LOM https://ocw.mit.edu/xsd/LOM/lomv1.0/lomv1.0.xsd">
   	<metadata>
   		<schema>IMS Content</schema>
        <schemaversion>1.1</schemaversion>
        <cwsp:packageMetadata>
            <cwsp:sourceSystem>OCW</cwsp:sourceSystem>
            <cwsp:profile>CWSpace</cwsp:profile>
            <cwsp:profileVersion>0.1</cwsp:profileVersion>
        </cwsp:packageMetadata>
        <lom:general uniqueElementName="general">
            <lom:title uniqueElementName="title">
				<lom:string language="en">Marine Hydrodynamics (13.021)</lom:string>
			</lom:title>
			<lom:identifier>
				<lom:catalog uniqueElementName="catalog">OCW Master Course Number</lom:catalog>
		      	<lom:entry uniqueElementName="entry">2.20</lom:entry>
			</lom:identifier>
        </lom:general>
        <lom:lifecycle uniqueElementName="lifeCycle">
            <lom:version uniqueElementName="version">
				<lom:string language="en">Spring 2005</lom:string>
			</lom:version>
            <lom:contribute>
	            <lom:role>
	                <lom:source uniqueElementName="source">OCW_LOMv1.0</lom:source>
	                <lom:value uniqueElementName="value">Author</lom:value>
	            </lom:role>
	            <lom:entity>Yue, Dick K. P.</lom:entity>
	            <lom:date uniqueElementName="date">
	                <lom:dateTime uniqueElementName="dateTime">2020-12-30</lom:dateTime>
	            </lom:date>
        	</lom:contribute>
        </lom:lifecycle>
        <lom:relation uniqueElementName="relation">
        	<lom:kind uniqueElementName="kind">
        		<lom:source uniqueElementName="source">OCW_LOMv1.0</lom:source>
        		<lom:value uniqueElementName="value">isbasedon</lom:value>
        	</lom:kind>
        	<lom:resource uniqueElementName="resource">
        		<lom:identifier>
        			<lom:catalog uniqueElementName="catalog">URI</lom:catalog>
        			<lom:entry uniqueElementName="entry">http://hdl.handle.net/1721.1/36351</lom:entry>
        		</lom:identifier>
        		<lom:description uniqueElementName="description">
        			<lom:string language="en">Previous version of the course</lom:string>
        		</lom:description>
        	</lom:resource>
        </lom:relation>
        <lom:taxonPath>
            <lom:source uniqueElementName="source">
                <lom:string language="en">OCW Course Topics</lom:string>
            </lom:source>
            <lom:taxon>
                <lom:entry uniqueElementName="entry">
                    <lom:string language="en">Engineering</lom:string>
                </lom:entry>
            </lom:taxon>
            <lom:taxon>
                <lom:entry uniqueElementName="entry">
                    <lom:string language="en">Ocean Engineering</lom:string>
                </lom:entry>
            </lom:taxon>
            <lom:taxon>
                <lom:entry uniqueElementName="entry">
                    <lom:string language="en">Hydrodynamics</lom:string>
                </lom:entry>
            </lom:taxon>
        </lom:taxonPath>
        <lom:taxonPath>
            <lom:source uniqueElementName="source">
                <lom:string language="en">OCW Course Topics</lom:string>
            </lom:source>
            <lom:taxon>
                <lom:entry uniqueElementName="entry">
                    <lom:string language="en">Engineering</lom:string>
                </lom:entry>
            </lom:taxon>
            <lom:taxon>
                <lom:entry uniqueElementName="entry">
                    <lom:string language="en">Mechanical Engineering</lom:string>
                </lom:entry>
            </lom:taxon>
            <lom:taxon>
                <lom:entry uniqueElementName="entry">
                    <lom:string language="en">Fluid Mechanics</lom:string>
                </lom:entry>
            </lom:taxon>
        </lom:taxonPath>        
        <adlcp:location>contents/index.htm.xml</adlcp:location>
    </metadata>
    <organizations default="ocw_2-20-marine-hydrodynamics-13-021-spring-2005">
        <organization identifier="ocw_2-20-marine-hydrodynamics-13-021-spring-2005">
            <title>Marine Hydrodynamics (13.021)</title>
            <item identifier="i_2-20-marine-hydrodynamics-13-021-spring-2005.CourseHome"
                  identifierref="r_contents.index.htm"
                  ocw:sectionTemplateType="CourseHomePage"
                  ocw:sectionTemplateVersion="2020-12-30">
				<title>Marine Hydrodynamics (13.021)</title>
				<item identifier="i_2-20-marine-hydrodynamics-13-021-spring-2005.2-20s05.jpg"
          identifierref="r_contents.2-20s05.jpg">
				<title>2-20s05.jpg</title>
				</item>
				<item identifier="i_2-20-marine-hydrodynamics-13-021-spring-2005.2-20s05-th.jpg"
          identifierref="r_contents.2-20s05-th.jpg">
				<title>2-20s05-th.jpg</title>
				</item>
			</item>
            <item identifier="i_2-20-marine-hydrodynamics-13-021-spring-2005.syllabus"
                  identifierref="r_contents.syllabus.index.htm"
                  ocw:sectionTemplateType="CourseSection"
                  ocw:sectionTemplateVersion="2020-12-30">
				<title>Syllabus</title>
			</item>
            <item identifier="i_2-20-marine-hydrodynamics-13-021-spring-2005.calendar"
                  identifierref="r_contents.calendar.index.htm"
                  ocw:sectionTemplateType="CourseSection"
                  ocw:sectionTemplateVersion="2020-12-30">
				<title>Calendar</title>
			</item>
            <item identifier="i_2-20-marine-hydrodynamics-13-021-spring-2005.readings"
                  identifierref="r_contents.readings.index.htm"
                  ocw:sectionTemplateType="CourseSection"
                  ocw:sectionTemplateVersion="2020-12-30">
				<title>Readings</title>
			</item>
            <item identifier="i_2-20-marine-hydrodynamics-13-021-spring-2005.lecture-notes"
                  identifierref="r_contents.lecture-notes.index.htm"
                  ocw:sectionTemplateType="CourseSection"
                  ocw:sectionTemplateVersion="2020-12-30">
				<title>Lecture Notes</title>
				<item identifier="i_2-20-marine-hydrodynamics-13-021-spring-2005.lecture-notes.lecture20.pdf"
          identifierref="r_contents.lecture-notes.lecture20.pdf">
				<title>lecture20.pdf</title>
				</item>
				<item identifier="i_2-20-marine-hydrodynamics-13-021-spring-2005.lecture-notes.lecture8.pdf"
          identifierref="r_contents.lecture-notes.lecture8.pdf">
				<title>lecture8.pdf</title>
				</item>
				<item identifier="i_2-20-marine-hydrodynamics-13-021-spring-2005.lecture-notes.lecture4.pdf"
          identifierref="r_contents.lecture-notes.lecture4.pdf">
				<title>lecture4.pdf</title>
				</item>
				<item identifier="i_2-20-marine-hydrodynamics-13-021-spring-2005.lecture-notes.lecture15.pdf"
          identifierref="r_contents.lecture-notes.lecture15.pdf">
				<title>lecture15.pdf</title>
				</item>
				<item identifier="i_2-20-marine-hydrodynamics-13-021-spring-2005.lecture-notes.lecture22.pdf"
          identifierref="r_contents.lecture-notes.lecture22.pdf">
				<title>lecture22.pdf</title>
				</item>
				<item identifier="i_2-20-marine-hydrodynamics-13-021-spring-2005.lecture-notes.lecture21.pdf"
          identifierref="r_contents.lecture-notes.lecture21.pdf">
				<title>lecture21.pdf</title>
				</item>
				<item identifier="i_2-20-marine-hydrodynamics-13-021-spring-2005.lecture-notes.lecture9.pdf"
          identifierref="r_contents.lecture-notes.lecture9.pdf">
				<title>lecture9.pdf</title>
				</item>
				<item identifier="i_2-20-marine-hydrodynamics-13-021-spring-2005.lecture-notes.lecture12.pdf"
          identifierref="r_contents.lecture-notes.lecture12.pdf">
				<title>lecture12.pdf</title>
				</item>
				<item identifier="i_2-20-marine-hydrodynamics-13-021-spring-2005.lecture-notes.lecture17.pdf"
          identifierref="r_contents.lecture-notes.lecture17.pdf">
				<title>lecture17.pdf</title>
				</item>
				<item identifier="i_2-20-marine-hydrodynamics-13-021-spring-2005.lecture-notes.lecture19.pdf"
          identifierref="r_contents.lecture-notes.lecture19.pdf">
				<title>lecture19.pdf</title>
				</item>
				<item identifier="i_2-20-marine-hydrodynamics-13-021-spring-2005.lecture-notes.lecture1.pdf"
          identifierref="r_contents.lecture-notes.lecture1.pdf">
				<title>lecture1.pdf</title>
				</item>
				<item identifier="i_2-20-marine-hydrodynamics-13-021-spring-2005.lecture-notes.lecture18.pdf"
          identifierref="r_contents.lecture-notes.lecture18.pdf">
				<title>lecture18.pdf</title>
				</item>
				<item identifier="i_2-20-marine-hydrodynamics-13-021-spring-2005.lecture-notes.lecture11.pdf"
          identifierref="r_contents.lecture-notes.lecture11.pdf">
				<title>lecture11.pdf</title>
				</item>
				<item identifier="i_2-20-marine-hydrodynamics-13-021-spring-2005.lecture-notes.lfig1912.pdf"
          identifierref="r_contents.lecture-notes.lfig1912.pdf">
				<title>lfig1912.pdf</title>
				</item>
				<item identifier="i_2-20-marine-hydrodynamics-13-021-spring-2005.lecture-notes.lecture14.pdf"
          identifierref="r_contents.lecture-notes.lecture14.pdf">
				<title>lecture14.pdf</title>
				</item>
				<item identifier="i_2-20-marine-hydrodynamics-13-021-spring-2005.lecture-notes.lecture5.pdf"
          identifierref="r_contents.lecture-notes.lecture5.pdf">
				<title>lecture5.pdf</title>
				</item>
				<item identifier="i_2-20-marine-hydrodynamics-13-021-spring-2005.lecture-notes.lecture7.pdf"
          identifierref="r_contents.lecture-notes.lecture7.pdf">
				<title>lecture7.pdf</title>
				</item>
				<item identifier="i_2-20-marine-hydrodynamics-13-021-spring-2005.lecture-notes.lecture2.pdf"
          identifierref="r_contents.lecture-notes.lecture2.pdf">
				<title>lecture2.pdf</title>
				</item>
				<item identifier="i_2-20-marine-hydrodynamics-13-021-spring-2005.lecture-notes.lecture16.pdf"
          identifierref="r_contents.lecture-notes.lecture16.pdf">
				<title>lecture16.pdf</title>
				</item>
				<item identifier="i_2-20-marine-hydrodynamics-13-021-spring-2005.lecture-notes.lecture13.pdf"
          identifierref="r_contents.lecture-notes.lecture13.pdf">
				<title>lecture13.pdf</title>
				</item>
				<item identifier="i_2-20-marine-hydrodynamics-13-021-spring-2005.lecture-notes.lecture6.pdf"
          identifierref="r_contents.lecture-notes.lecture6.pdf">
				<title>lecture6.pdf</title>
				</item>
				<item identifier="i_2-20-marine-hydrodynamics-13-021-spring-2005.lecture-notes.lecture10.pdf"
          identifierref="r_contents.lecture-notes.lecture10.pdf">
				<title>lecture10.pdf</title>
				</item>
				<item identifier="i_2-20-marine-hydrodynamics-13-021-spring-2005.lecture-notes.lecture3.pdf"
          identifierref="r_contents.lecture-notes.lecture3.pdf">
				<title>lecture3.pdf</title>
				</item>
			</item>
            <item identifier="i_2-20-marine-hydrodynamics-13-021-spring-2005.recitations"
                  identifierref="r_contents.recitations.index.htm"
                  ocw:sectionTemplateType="CourseSection"
                  ocw:sectionTemplateVersion="2020-12-30">
				<title>Recitations</title>
				<item identifier="i_2-20-marine-hydrodynamics-13-021-spring-2005.recitations.recitation12.pdf"
          identifierref="r_contents.recitations.recitation12.pdf">
				<title>recitation12.pdf</title>
				</item>
				<item identifier="i_2-20-marine-hydrodynamics-13-021-spring-2005.recitations.recitation10.pdf"
          identifierref="r_contents.recitations.recitation10.pdf">
				<title>recitation10.pdf</title>
				</item>
				<item identifier="i_2-20-marine-hydrodynamics-13-021-spring-2005.recitations.recitation3.pdf"
          identifierref="r_contents.recitations.recitation3.pdf">
				<title>recitation3.pdf</title>
				</item>
				<item identifier="i_2-20-marine-hydrodynamics-13-021-spring-2005.recitations.recitation2.pdf"
          identifierref="r_contents.recitations.recitation2.pdf">
				<title>recitation2.pdf</title>
				</item>
				<item identifier="i_2-20-marine-hydrodynamics-13-021-spring-2005.recitations.recitation4.pdf"
          identifierref="r_contents.recitations.recitation4.pdf">
				<title>recitation4.pdf</title>
				</item>
				<item identifier="i_2-20-marine-hydrodynamics-13-021-spring-2005.recitations.recitation1.pdf"
          identifierref="r_contents.recitations.recitation1.pdf">
				<title>recitation1.pdf</title>
				</item>
				<item identifier="i_2-20-marine-hydrodynamics-13-021-spring-2005.recitations.recitation9.pdf"
          identifierref="r_contents.recitations.recitation9.pdf">
				<title>recitation9.pdf</title>
				</item>
				<item identifier="i_2-20-marine-hydrodynamics-13-021-spring-2005.recitations.recitation7.pdf"
          identifierref="r_contents.recitations.recitation7.pdf">
				<title>recitation7.pdf</title>
				</item>
				<item identifier="i_2-20-marine-hydrodynamics-13-021-spring-2005.recitations.recitation11.pdf"
          identifierref="r_contents.recitations.recitation11.pdf">
				<title>recitation11.pdf</title>
				</item>
				<item identifier="i_2-20-marine-hydrodynamics-13-021-spring-2005.recitations.recitation5.pdf"
          identifierref="r_contents.recitations.recitation5.pdf">
				<title>recitation5.pdf</title>
				</item>
				<item identifier="i_2-20-marine-hydrodynamics-13-021-spring-2005.recitations.recitation6.pdf"
          identifierref="r_contents.recitations.recitation6.pdf">
				<title>recitation6.pdf</title>
				</item>
				<item identifier="i_2-20-marine-hydrodynamics-13-021-spring-2005.recitations.recitation8.pdf"
          identifierref="r_contents.recitations.recitation8.pdf">
				<title>recitation8.pdf</title>
				</item>
			</item>
            <item identifier="i_2-20-marine-hydrodynamics-13-021-spring-2005.labs"
                  identifierref="r_contents.labs.index.htm"
                  ocw:sectionTemplateType="CourseSection"
                  ocw:sectionTemplateVersion="2020-12-30">
				<title>Labs</title>
				<item identifier="i_2-20-marine-hydrodynamics-13-021-spring-2005.labs.impact_assign.pdf"
          identifierref="r_contents.labs.impact_assign.pdf">
				<title>impact_assign.pdf</title>
				</item>
				<item identifier="i_2-20-marine-hydrodynamics-13-021-spring-2005.labs.wave_assign.pdf"
          identifierref="r_contents.labs.wave_assign.pdf">
				<title>wave_assign.pdf</title>
				</item>
			</item>
            <item identifier="i_2-20-marine-hydrodynamics-13-021-spring-2005.assignments"
                  identifierref="r_contents.assignments.index.htm"
                  ocw:sectionTemplateType="CourseSection"
                  ocw:sectionTemplateVersion="2020-12-30">
				<title>Assignments</title>
				<item identifier="i_2-20-marine-hydrodynamics-13-021-spring-2005.assignments.ps_7a.pdf"
          identifierref="r_contents.assignments.ps_7a.pdf">
				<title>ps_7a.pdf</title>
				</item>
				<item identifier="i_2-20-marine-hydrodynamics-13-021-spring-2005.assignments.ps_9a.pdf"
          identifierref="r_contents.assignments.ps_9a.pdf">
				<title>ps_9a.pdf</title>
				</item>
				<item identifier="i_2-20-marine-hydrodynamics-13-021-spring-2005.assignments.ps_7b.pdf"
          identifierref="r_contents.assignments.ps_7b.pdf">
				<title>ps_7b.pdf</title>
				</item>
				<item identifier="i_2-20-marine-hydrodynamics-13-021-spring-2005.assignments.ps_13a.pdf"
          identifierref="r_contents.assignments.ps_13a.pdf">
				<title>ps_13a.pdf</title>
				</item>
				<item identifier="i_2-20-marine-hydrodynamics-13-021-spring-2005.assignments.ps_4a.pdf"
          identifierref="r_contents.assignments.ps_4a.pdf">
				<title>ps_4a.pdf</title>
				</item>
				<item identifier="i_2-20-marine-hydrodynamics-13-021-spring-2005.assignments.chall_3.pdf"
          identifierref="r_contents.assignments.chall_3.pdf">
				<title>chall_3.pdf</title>
				</item>
				<item identifier="i_2-20-marine-hydrodynamics-13-021-spring-2005.assignments.ps_12.pdf"
          identifierref="r_contents.assignments.ps_12.pdf">
				<title>ps_12.pdf</title>
				</item>
				<item identifier="i_2-20-marine-hydrodynamics-13-021-spring-2005.assignments.ps_6.pdf"
          identifierref="r_contents.assignments.ps_6.pdf">
				<title>ps_6.pdf</title>
				</item>
				<item identifier="i_2-20-marine-hydrodynamics-13-021-spring-2005.assignments.ps_2b.pdf"
          identifierref="r_contents.assignments.ps_2b.pdf">
				<title>ps_2b.pdf</title>
				</item>
				<item identifier="i_2-20-marine-hydrodynamics-13-021-spring-2005.assignments.ps_13b.pdf"
          identifierref="r_contents.assignments.ps_13b.pdf">
				<title>ps_13b.pdf</title>
				</item>
				<item identifier="i_2-20-marine-hydrodynamics-13-021-spring-2005.assignments.ps_2a.pdf"
          identifierref="r_contents.assignments.ps_2a.pdf">
				<title>ps_2a.pdf</title>
				</item>
				<item identifier="i_2-20-marine-hydrodynamics-13-021-spring-2005.assignments.ps_8b.pdf"
          identifierref="r_contents.assignments.ps_8b.pdf">
				<title>ps_8b.pdf</title>
				</item>
				<item identifier="i_2-20-marine-hydrodynamics-13-021-spring-2005.assignments.ps_3a.pdf"
          identifierref="r_contents.assignments.ps_3a.pdf">
				<title>ps_3a.pdf</title>
				</item>
				<item identifier="i_2-20-marine-hydrodynamics-13-021-spring-2005.assignments.ps_4b.pdf"
          identifierref="r_contents.assignments.ps_4b.pdf">
				<title>ps_4b.pdf</title>
				</item>
				<item identifier="i_2-20-marine-hydrodynamics-13-021-spring-2005.assignments.ps_14a.pdf"
          identifierref="r_contents.assignments.ps_14a.pdf">
				<title>ps_14a.pdf</title>
				</item>
				<item identifier="i_2-20-marine-hydrodynamics-13-021-spring-2005.assignments.chall_2.pdf"
          identifierref="r_contents.assignments.chall_2.pdf">
				<title>chall_2.pdf</title>
				</item>
				<item identifier="i_2-20-marine-hydrodynamics-13-021-spring-2005.assignments.ps_11b.pdf"
          identifierref="r_contents.assignments.ps_11b.pdf">
				<title>ps_11b.pdf</title>
				</item>
				<item identifier="i_2-20-marine-hydrodynamics-13-021-spring-2005.assignments.ps_10b.pdf"
          identifierref="r_contents.assignments.ps_10b.pdf">
				<title>ps_10b.pdf</title>
				</item>
				<item identifier="i_2-20-marine-hydrodynamics-13-021-spring-2005.assignments.ps_3b.pdf"
          identifierref="r_contents.assignments.ps_3b.pdf">
				<title>ps_3b.pdf</title>
				</item>
				<item identifier="i_2-20-marine-hydrodynamics-13-021-spring-2005.assignments.ps_9b.pdf"
          identifierref="r_contents.assignments.ps_9b.pdf">
				<title>ps_9b.pdf</title>
				</item>
				<item identifier="i_2-20-marine-hydrodynamics-13-021-spring-2005.assignments.ps_1.pdf"
          identifierref="r_contents.assignments.ps_1.pdf">
				<title>ps_1.pdf</title>
				</item>
				<item identifier="i_2-20-marine-hydrodynamics-13-021-spring-2005.assignments.ps_11a.pdf"
          identifierref="r_contents.assignments.ps_11a.pdf">
				<title>ps_11a.pdf</title>
				</item>
				<item identifier="i_2-20-marine-hydrodynamics-13-021-spring-2005.assignments.chal_1.pdf"
          identifierref="r_contents.assignments.chal_1.pdf">
				<title>chal_1.pdf</title>
				</item>
				<item identifier="i_2-20-marine-hydrodynamics-13-021-spring-2005.assignments.supp04.pdf"
          identifierref="r_contents.assignments.supp04.pdf">
				<title>supp04.pdf</title>
				</item>
				<item identifier="i_2-20-marine-hydrodynamics-13-021-spring-2005.assignments.ps_10a.pdf"
          identifierref="r_contents.assignments.ps_10a.pdf">
				<title>ps_10a.pdf</title>
				</item>
				<item identifier="i_2-20-marine-hydrodynamics-13-021-spring-2005.assignments.ps_5a.pdf"
          identifierref="r_contents.assignments.ps_5a.pdf">
				<title>ps_5a.pdf</title>
				</item>
				<item identifier="i_2-20-marine-hydrodynamics-13-021-spring-2005.assignments.ps_8a.pdf"
          identifierref="r_contents.assignments.ps_8a.pdf">
				<title>ps_8a.pdf</title>
				</item>
				<item identifier="i_2-20-marine-hydrodynamics-13-021-spring-2005.assignments.ps_5b.pdf"
          identifierref="r_contents.assignments.ps_5b.pdf">
				<title>ps_5b.pdf</title>
				</item>
			</item>
            <item identifier="i_2-20-marine-hydrodynamics-13-021-spring-2005.exams"
                  identifierref="r_contents.exams.index.htm"
                  ocw:sectionTemplateType="CourseSection"
                  ocw:sectionTemplateVersion="2020-12-30">
				<title>Exams</title>
				<item identifier="i_2-20-marine-hydrodynamics-13-021-spring-2005.exams.final_solutions.pdf"
          identifierref="r_contents.exams.final_solutions.pdf">
				<title>final_solutions.pdf</title>
				</item>
			</item>
            <item identifier="i_2-20-marine-hydrodynamics-13-021-spring-2005.tools"
                  identifierref="r_contents.tools.index.htm"
                  ocw:sectionTemplateType="CourseSection"
                  ocw:sectionTemplateVersion="2020-12-30">
				<title>Tools</title>
				<item identifier="i_2-20-marine-hydrodynamics-13-021-spring-2005.tools.AMassTutorial.pdf"
          identifierref="r_contents.tools.AMassTutorial.pdf">
				<title>AMassTutorial.pdf</title>
				</item>
				<item identifier="i_2-20-marine-hydrodynamics-13-021-spring-2005.tools.PFlowV35.zip"
          identifierref="r_contents.tools.PFlowV35.zip">
				<title>PFlowV35.zip</title>
				</item>
				<item identifier="i_2-20-marine-hydrodynamics-13-021-spring-2005.tools.PartialReflection.zip"
          identifierref="r_contents.tools.PartialReflection.zip">
				<title>PartialReflection.zip</title>
				</item>
				<item identifier="i_2-20-marine-hydrodynamics-13-021-spring-2005.tools.AMass3DV14.zip"
          identifierref="r_contents.tools.AMass3DV14.zip">
				<title>AMass3DV14.zip</title>
				</item>
				<item identifier="i_2-20-marine-hydrodynamics-13-021-spring-2005.tools.P_FLowTutorial.pdf"
          identifierref="r_contents.tools.P_FLowTutorial.pdf">
				<title>P_FLowTutorial.pdf</title>
				</item>
			</item>
            <item identifier="i_terms"
                  identifierref="r_common.terms.index.htm"
                  ocw:sectionTemplateType="GlobalSection"
                  ocw:sectionTemplateVersion="2020-12-30">
				<title>Legal Notices</title>
			</item>
            <item identifier="i_terms"
                  identifierref="r_common.terms.index.htm"
                  ocw:sectionTemplateType="GlobalSection"
                  ocw:sectionTemplateVersion="2020-12-30">
				<title>Privacy Statement</title>
			</item>
            <item identifier="i_terms.trademarks"
                  identifierref="r_common.terms.trademarks.index.htm"
                  ocw:sectionTemplateType="GlobalSection"
                  ocw:sectionTemplateVersion="2020-12-30">
				<title>Trademark Notices</title>
			</item>
        </organization>
    </organizations>
    <resources>
        <resource identifier="r_contents.lecture-notes.lecture20.pdf"
                  type="other"
                  href="contents/lecture-notes/lecture20.pdf">
            <metadata>
                <adlcp:location>contents/lecture-notes/lecture20.pdf.xml</adlcp:location>
            </metadata>
            <file href="contents/lecture-notes/lecture20.pdf"/>
                        
        </resource>
        <resource identifier="r_contents.lecture-notes.lecture14.pdf"
                  type="other"
                  href="contents/lecture-notes/lecture14.pdf">
            <metadata>
                <adlcp:location>contents/lecture-notes/lecture14.pdf.xml</adlcp:location>
            </metadata>
            <file href="contents/lecture-notes/lecture14.pdf"/>
                        
        </resource>
        <resource identifier="r_contents.recitations.recitation4.pdf"
                  type="other"
                  href="contents/recitations/recitation4.pdf">
            <metadata>
                <adlcp:location>contents/recitations/recitation4.pdf.xml</adlcp:location>
            </metadata>
            <file href="contents/recitations/recitation4.pdf"/>
                        
        </resource>
        <resource identifier="r_contents.assignments.ps_5b.pdf"
                  type="other"
                  href="contents/assignments/ps_5b.pdf">
            <metadata>
                <adlcp:location>contents/assignments/ps_5b.pdf.xml</adlcp:location>
            </metadata>
            <file href="contents/assignments/ps_5b.pdf"/>
                        
        </resource>
        <resource identifier="r_contents.recitations.recitation8.pdf"
                  type="other"
                  href="contents/recitations/recitation8.pdf">
            <metadata>
                <adlcp:location>contents/recitations/recitation8.pdf.xml</adlcp:location>
            </metadata>
            <file href="contents/recitations/recitation8.pdf"/>
                        
        </resource>
        <resource identifier="r_contents.lecture-notes.lecture15.pdf"
                  type="other"
                  href="contents/lecture-notes/lecture15.pdf">
            <metadata>
                <adlcp:location>contents/lecture-notes/lecture15.pdf.xml</adlcp:location>
            </metadata>
            <file href="contents/lecture-notes/lecture15.pdf"/>
                        
        </resource>
        <resource identifier="r_contents.lecture-notes.lecture10.pdf"
                  type="other"
                  href="contents/lecture-notes/lecture10.pdf">
            <metadata>
                <adlcp:location>contents/lecture-notes/lecture10.pdf.xml</adlcp:location>
            </metadata>
            <file href="contents/lecture-notes/lecture10.pdf"/>
                        
        </resource>
        <resource identifier="r_contents.2-20s05.jpg"
                  type="other" href="contents/2-20s05.jpg">
            <metadata>
                <adlcp:location>contents/2-20s05.jpg.xml</adlcp:location>
            </metadata>
            <file href="contents/2-20s05.jpg"/>
                        
        </resource>
        <resource identifier="r_contents.assignments.ps_3b.pdf"
                  type="other"
                  href="contents/assignments/ps_3b.pdf">
            <metadata>
                <adlcp:location>contents/assignments/ps_3b.pdf.xml</adlcp:location>
            </metadata>
            <file href="contents/assignments/ps_3b.pdf"/>
                        
        </resource>
        <resource identifier="r_contents.assignments.ps_8a.pdf"
                  type="other"
                  href="contents/assignments/ps_8a.pdf">
            <metadata>
                <adlcp:location>contents/assignments/ps_8a.pdf.xml</adlcp:location>
            </metadata>
            <file href="contents/assignments/ps_8a.pdf"/>
                        
        </resource>
        <resource identifier="r_contents.assignments.ps_6.pdf"
                  type="other"
                  href="contents/assignments/ps_6.pdf">
            <metadata>
                <adlcp:location>contents/assignments/ps_6.pdf.xml</adlcp:location>
            </metadata>
            <file href="contents/assignments/ps_6.pdf"/>
                        
        </resource>
        <resource identifier="r_contents.lecture-notes.lecture9.pdf"
                  type="other"
                  href="contents/lecture-notes/lecture9.pdf">
            <metadata>
                <adlcp:location>contents/lecture-notes/lecture9.pdf.xml</adlcp:location>
            </metadata>
            <file href="contents/lecture-notes/lecture9.pdf"/>
                        
        </resource>
        <resource identifier="r_contents.recitations.recitation2.pdf"
                  type="other"
                  href="contents/recitations/recitation2.pdf">
            <metadata>
                <adlcp:location>contents/recitations/recitation2.pdf.xml</adlcp:location>
            </metadata>
            <file href="contents/recitations/recitation2.pdf"/>
                        
        </resource>
        <resource identifier="r_contents.assignments.ps_9b.pdf"
                  type="other"
                  href="contents/assignments/ps_9b.pdf">
            <metadata>
                <adlcp:location>contents/assignments/ps_9b.pdf.xml</adlcp:location>
            </metadata>
            <file href="contents/assignments/ps_9b.pdf"/>
                        
        </resource>
        <resource identifier="r_contents.calendar.index.htm"
                  type="webcontent"
                  href="contents/calendar/index.htm">
            <metadata>
                <adlcp:location>contents/calendar/index.htm.xml</adlcp:location>
            </metadata>
            <file href="contents/calendar/index.htm"/>
            <dependency identifierref="webrenderrequirements.2-20-marine-hydrodynamics-13-021-spring-2005"/>            
        </resource>
        <resource identifier="r_contents.assignments.ps_4b.pdf"
                  type="other"
                  href="contents/assignments/ps_4b.pdf">
            <metadata>
                <adlcp:location>contents/assignments/ps_4b.pdf.xml</adlcp:location>
            </metadata>
            <file href="contents/assignments/ps_4b.pdf"/>
                        
        </resource>
        <resource identifier="r_contents.recitations.index.htm"
                  type="webcontent"
                  href="contents/recitations/index.htm">
            <metadata>
                <adlcp:location>contents/recitations/index.htm.xml</adlcp:location>
            </metadata>
            <file href="contents/recitations/index.htm"/>
            <dependency identifierref="webrenderrequirements.2-20-marine-hydrodynamics-13-021-spring-2005"/>            
        </resource>
        <resource identifier="r_contents.lecture-notes.lecture8.pdf"
                  type="other"
                  href="contents/lecture-notes/lecture8.pdf">
            <metadata>
                <adlcp:location>contents/lecture-notes/lecture8.pdf.xml</adlcp:location>
            </metadata>
            <file href="contents/lecture-notes/lecture8.pdf"/>
                        
        </resource>
        <resource identifier="r_contents.assignments.ps_3a.pdf"
                  type="other"
                  href="contents/assignments/ps_3a.pdf">
            <metadata>
                <adlcp:location>contents/assignments/ps_3a.pdf.xml</adlcp:location>
            </metadata>
            <file href="contents/assignments/ps_3a.pdf"/>
                        
        </resource>
        <resource identifier="r_contents.tools.P_FLowTutorial.pdf"
                  type="other"
                  href="contents/tools/P_FLowTutorial.pdf">
            <metadata>
                <adlcp:location>contents/tools/P_FLowTutorial.pdf.xml</adlcp:location>
            </metadata>
            <file href="contents/tools/P_FLowTutorial.pdf"/>
                        
        </resource>
        <resource identifier="r_contents.lecture-notes.lecture21.pdf"
                  type="other"
                  href="contents/lecture-notes/lecture21.pdf">
            <metadata>
                <adlcp:location>contents/lecture-notes/lecture21.pdf.xml</adlcp:location>
            </metadata>
            <file href="contents/lecture-notes/lecture21.pdf"/>
                        
        </resource>
        <resource identifier="r_contents.lecture-notes.lecture5.pdf"
                  type="other"
                  href="contents/lecture-notes/lecture5.pdf">
            <metadata>
                <adlcp:location>contents/lecture-notes/lecture5.pdf.xml</adlcp:location>
            </metadata>
            <file href="contents/lecture-notes/lecture5.pdf"/>
                        
        </resource>
        <resource identifier="r_contents.assignments.ps_11b.pdf"
                  type="other"
                  href="contents/assignments/ps_11b.pdf">
            <metadata>
                <adlcp:location>contents/assignments/ps_11b.pdf.xml</adlcp:location>
            </metadata>
            <file href="contents/assignments/ps_11b.pdf"/>
                        
        </resource>
        <resource identifier="r_contents.recitations.recitation11.pdf"
                  type="other"
                  href="contents/recitations/recitation11.pdf">
            <metadata>
                <adlcp:location>contents/recitations/recitation11.pdf.xml</adlcp:location>
            </metadata>
            <file href="contents/recitations/recitation11.pdf"/>
                        
        </resource>
        <resource identifier="r_contents.recitations.recitation12.pdf"
                  type="other"
                  href="contents/recitations/recitation12.pdf">
            <metadata>
                <adlcp:location>contents/recitations/recitation12.pdf.xml</adlcp:location>
            </metadata>
            <file href="contents/recitations/recitation12.pdf"/>
                        
        </resource>
        <resource identifier="r_contents.assignments.ps_12.pdf"
                  type="other"
                  href="contents/assignments/ps_12.pdf">
            <metadata>
                <adlcp:location>contents/assignments/ps_12.pdf.xml</adlcp:location>
            </metadata>
            <file href="contents/assignments/ps_12.pdf"/>
                        
        </resource>
        <resource identifier="r_contents.lecture-notes.lfig1912.pdf"
                  type="other"
                  href="contents/lecture-notes/lfig1912.pdf">
            <metadata>
                <adlcp:location>contents/lecture-notes/lfig1912.pdf.xml</adlcp:location>
            </metadata>
            <file href="contents/lecture-notes/lfig1912.pdf"/>
                        
        </resource>
        <resource identifier="r_contents.labs.impact_assign.pdf"
                  type="other"
                  href="contents/labs/impact_assign.pdf">
            <metadata>
                <adlcp:location>contents/labs/impact_assign.pdf.xml</adlcp:location>
            </metadata>
            <file href="contents/labs/impact_assign.pdf"/>
                        
        </resource>
        <resource identifier="r_contents.recitations.recitation6.pdf"
                  type="other"
                  href="contents/recitations/recitation6.pdf">
            <metadata>
                <adlcp:location>contents/recitations/recitation6.pdf.xml</adlcp:location>
            </metadata>
            <file href="contents/recitations/recitation6.pdf"/>
                        
        </resource>
        <resource identifier="r_contents.lecture-notes.lecture4.pdf"
                  type="other"
                  href="contents/lecture-notes/lecture4.pdf">
            <metadata>
                <adlcp:location>contents/lecture-notes/lecture4.pdf.xml</adlcp:location>
            </metadata>
            <file href="contents/lecture-notes/lecture4.pdf"/>
                        
        </resource>
        <resource identifier="r_contents.lecture-notes.lecture7.pdf"
                  type="other"
                  href="contents/lecture-notes/lecture7.pdf">
            <metadata>
                <adlcp:location>contents/lecture-notes/lecture7.pdf.xml</adlcp:location>
            </metadata>
            <file href="contents/lecture-notes/lecture7.pdf"/>
                        
        </resource>
        <resource identifier="r_contents.assignments.ps_2b.pdf"
                  type="other"
                  href="contents/assignments/ps_2b.pdf">
            <metadata>
                <adlcp:location>contents/assignments/ps_2b.pdf.xml</adlcp:location>
            </metadata>
            <file href="contents/assignments/ps_2b.pdf"/>
                        
        </resource>
        <resource identifier="r_contents.assignments.ps_5a.pdf"
                  type="other"
                  href="contents/assignments/ps_5a.pdf">
            <metadata>
                <adlcp:location>contents/assignments/ps_5a.pdf.xml</adlcp:location>
            </metadata>
            <file href="contents/assignments/ps_5a.pdf"/>
                        
        </resource>
        <resource identifier="r_contents.assignments.chall_3.pdf"
                  type="other"
                  href="contents/assignments/chall_3.pdf">
            <metadata>
                <adlcp:location>contents/assignments/chall_3.pdf.xml</adlcp:location>
            </metadata>
            <file href="contents/assignments/chall_3.pdf"/>
                        
        </resource>
        <resource identifier="r_contents.lecture-notes.lecture17.pdf"
                  type="other"
                  href="contents/lecture-notes/lecture17.pdf">
            <metadata>
                <adlcp:location>contents/lecture-notes/lecture17.pdf.xml</adlcp:location>
            </metadata>
            <file href="contents/lecture-notes/lecture17.pdf"/>
                        
        </resource>
        <resource identifier="r_contents.recitations.recitation7.pdf"
                  type="other"
                  href="contents/recitations/recitation7.pdf">
            <metadata>
                <adlcp:location>contents/recitations/recitation7.pdf.xml</adlcp:location>
            </metadata>
            <file href="contents/recitations/recitation7.pdf"/>
                        
        </resource>
        <resource identifier="r_contents.tools.PartialReflection.zip"
                  type="other"
                  href="contents/tools/PartialReflection.zip">
            <metadata>
                <adlcp:location>contents/tools/PartialReflection.zip.xml</adlcp:location>
            </metadata>
            <file href="contents/tools/PartialReflection.zip"/>
                        
        </resource>
        <resource identifier="r_contents.assignments.ps_8b.pdf"
                  type="other"
                  href="contents/assignments/ps_8b.pdf">
            <metadata>
                <adlcp:location>contents/assignments/ps_8b.pdf.xml</adlcp:location>
            </metadata>
            <file href="contents/assignments/ps_8b.pdf"/>
                        
        </resource>
        <resource identifier="r_contents.assignments.ps_11a.pdf"
                  type="other"
                  href="contents/assignments/ps_11a.pdf">
            <metadata>
                <adlcp:location>contents/assignments/ps_11a.pdf.xml</adlcp:location>
            </metadata>
            <file href="contents/assignments/ps_11a.pdf"/>
                        
        </resource>
        <resource identifier="r_contents.lecture-notes.lecture2.pdf"
                  type="other"
                  href="contents/lecture-notes/lecture2.pdf">
            <metadata>
                <adlcp:location>contents/lecture-notes/lecture2.pdf.xml</adlcp:location>
            </metadata>
            <file href="contents/lecture-notes/lecture2.pdf"/>
                        
        </resource>
        <resource identifier="r_contents.lecture-notes.lecture22.pdf"
                  type="other"
                  href="contents/lecture-notes/lecture22.pdf">
            <metadata>
                <adlcp:location>contents/lecture-notes/lecture22.pdf.xml</adlcp:location>
            </metadata>
            <file href="contents/lecture-notes/lecture22.pdf"/>
                        
        </resource>
        <resource identifier="r_contents.labs.index.htm"
                  type="webcontent"
                  href="contents/labs/index.htm">
            <metadata>
                <adlcp:location>contents/labs/index.htm.xml</adlcp:location>
            </metadata>
            <file href="contents/labs/index.htm"/>
            <dependency identifierref="webrenderrequirements.2-20-marine-hydrodynamics-13-021-spring-2005"/>            
        </resource>
        <resource identifier="r_contents.tools.PFlowV35.zip"
                  type="other"
                  href="contents/tools/PFlowV35.zip">
            <metadata>
                <adlcp:location>contents/tools/PFlowV35.zip.xml</adlcp:location>
            </metadata>
            <file href="contents/tools/PFlowV35.zip"/>
                        
        </resource>
        <resource identifier="r_contents.lecture-notes.lecture11.pdf"
                  type="other"
                  href="contents/lecture-notes/lecture11.pdf">
            <metadata>
                <adlcp:location>contents/lecture-notes/lecture11.pdf.xml</adlcp:location>
            </metadata>
            <file href="contents/lecture-notes/lecture11.pdf"/>
                        
        </resource>
        <resource identifier="r_contents.assignments.ps_14a.pdf"
                  type="other"
                  href="contents/assignments/ps_14a.pdf">
            <metadata>
                <adlcp:location>contents/assignments/ps_14a.pdf.xml</adlcp:location>
            </metadata>
            <file href="contents/assignments/ps_14a.pdf"/>
                        
        </resource>
        <resource identifier="r_contents.lecture-notes.lecture13.pdf"
                  type="other"
                  href="contents/lecture-notes/lecture13.pdf">
            <metadata>
                <adlcp:location>contents/lecture-notes/lecture13.pdf.xml</adlcp:location>
            </metadata>
            <file href="contents/lecture-notes/lecture13.pdf"/>
                        
        </resource>
        <resource identifier="r_contents.exams.index.htm"
                  type="webcontent"
                  href="contents/exams/index.htm">
            <metadata>
                <adlcp:location>contents/exams/index.htm.xml</adlcp:location>
            </metadata>
            <file href="contents/exams/index.htm"/>
            <dependency identifierref="webrenderrequirements.2-20-marine-hydrodynamics-13-021-spring-2005"/>            
        </resource>
        <resource identifier="r_contents.tools.AMass3DV14.zip"
                  type="other"
                  href="contents/tools/AMass3DV14.zip">
            <metadata>
                <adlcp:location>contents/tools/AMass3DV14.zip.xml</adlcp:location>
            </metadata>
            <file href="contents/tools/AMass3DV14.zip"/>
                        
        </resource>
        <resource identifier="r_contents.syllabus.index.htm"
                  type="webcontent"
                  href="contents/syllabus/index.htm">
            <metadata>
                <adlcp:location>contents/syllabus/index.htm.xml</adlcp:location>
            </metadata>
            <file href="contents/syllabus/index.htm"/>
            <dependency identifierref="webrenderrequirements.2-20-marine-hydrodynamics-13-021-spring-2005"/>            
        </resource>
        <resource identifier="r_contents.lecture-notes.lecture12.pdf"
                  type="other"
                  href="contents/lecture-notes/lecture12.pdf">
            <metadata>
                <adlcp:location>contents/lecture-notes/lecture12.pdf.xml</adlcp:location>
            </metadata>
            <file href="contents/lecture-notes/lecture12.pdf"/>
                        
        </resource>
        <resource identifier="r_contents.assignments.supp04.pdf"
                  type="other"
                  href="contents/assignments/supp04.pdf">
            <metadata>
                <adlcp:location>contents/assignments/supp04.pdf.xml</adlcp:location>
            </metadata>
            <file href="contents/assignments/supp04.pdf"/>
                        
        </resource>
        <resource identifier="r_contents.labs.wave_assign.pdf"
                  type="other"
                  href="contents/labs/wave_assign.pdf">
            <metadata>
                <adlcp:location>contents/labs/wave_assign.pdf.xml</adlcp:location>
            </metadata>
            <file href="contents/labs/wave_assign.pdf"/>
                        
        </resource>
        <resource identifier="r_contents.recitations.recitation9.pdf"
                  type="other"
                  href="contents/recitations/recitation9.pdf">
            <metadata>
                <adlcp:location>contents/recitations/recitation9.pdf.xml</adlcp:location>
            </metadata>
            <file href="contents/recitations/recitation9.pdf"/>
                        
        </resource>
        <resource identifier="r_contents.lecture-notes.lecture1.pdf"
                  type="other"
                  href="contents/lecture-notes/lecture1.pdf">
            <metadata>
                <adlcp:location>contents/lecture-notes/lecture1.pdf.xml</adlcp:location>
            </metadata>
            <file href="contents/lecture-notes/lecture1.pdf"/>
                        
        </resource>
        <resource identifier="r_contents.recitations.recitation3.pdf"
                  type="other"
                  href="contents/recitations/recitation3.pdf">
            <metadata>
                <adlcp:location>contents/recitations/recitation3.pdf.xml</adlcp:location>
            </metadata>
            <file href="contents/recitations/recitation3.pdf"/>
                        
        </resource>
        <resource identifier="r_contents.assignments.chal_1.pdf"
                  type="other"
                  href="contents/assignments/chal_1.pdf">
            <metadata>
                <adlcp:location>contents/assignments/chal_1.pdf.xml</adlcp:location>
            </metadata>
            <file href="contents/assignments/chal_1.pdf"/>
                        
        </resource>
        <resource identifier="r_contents.exams.final_solutions.pdf"
                  type="other"
                  href="contents/exams/final_solutions.pdf">
            <metadata>
                <adlcp:location>contents/exams/final_solutions.pdf.xml</adlcp:location>
            </metadata>
            <file href="contents/exams/final_solutions.pdf"/>
                        
        </resource>
        <resource identifier="r_contents.index.htm"
                  type="webcontent"
                  href="contents/index.htm">
            <metadata>
                <adlcp:location>contents/index.htm.xml</adlcp:location>
            </metadata>
            <file href="contents/index.htm"/>
            <dependency identifierref="webrenderrequirements.2-20-marine-hydrodynamics-13-021-spring-2005"/>            
        </resource>
        <resource identifier="r_contents.assignments.chall_2.pdf"
                  type="other"
                  href="contents/assignments/chall_2.pdf">
            <metadata>
                <adlcp:location>contents/assignments/chall_2.pdf.xml</adlcp:location>
            </metadata>
            <file href="contents/assignments/chall_2.pdf"/>
                        
        </resource>
        <resource identifier="r_contents.2-20s05-th.jpg"
                  type="other"
                  href="contents/2-20s05-th.jpg">
            <metadata>
                <adlcp:location>contents/2-20s05-th.jpg.xml</adlcp:location>
            </metadata>
            <file href="contents/2-20s05-th.jpg"/>
                        
        </resource>
        <resource identifier="r_contents.lecture-notes.lecture18.pdf"
                  type="other"
                  href="contents/lecture-notes/lecture18.pdf">
            <metadata>
                <adlcp:location>contents/lecture-notes/lecture18.pdf.xml</adlcp:location>
            </metadata>
            <file href="contents/lecture-notes/lecture18.pdf"/>
                        
        </resource>
        <resource identifier="r_contents.readings.index.htm"
                  type="webcontent"
                  href="contents/readings/index.htm">
            <metadata>
                <adlcp:location>contents/readings/index.htm.xml</adlcp:location>
            </metadata>
            <file href="contents/readings/index.htm"/>
            <dependency identifierref="webrenderrequirements.2-20-marine-hydrodynamics-13-021-spring-2005"/>            
        </resource>
        <resource identifier="r_contents.assignments.ps_13a.pdf"
                  type="other"
                  href="contents/assignments/ps_13a.pdf">
            <metadata>
                <adlcp:location>contents/assignments/ps_13a.pdf.xml</adlcp:location>
            </metadata>
            <file href="contents/assignments/ps_13a.pdf"/>
                        
        </resource>
        <resource identifier="r_contents.recitations.recitation5.pdf"
                  type="other"
                  href="contents/recitations/recitation5.pdf">
            <metadata>
                <adlcp:location>contents/recitations/recitation5.pdf.xml</adlcp:location>
            </metadata>
            <file href="contents/recitations/recitation5.pdf"/>
                        
        </resource>
        <resource identifier="r_contents.tools.AMassTutorial.pdf"
                  type="other"
                  href="contents/tools/AMassTutorial.pdf">
            <metadata>
                <adlcp:location>contents/tools/AMassTutorial.pdf.xml</adlcp:location>
            </metadata>
            <file href="contents/tools/AMassTutorial.pdf"/>
                        
        </resource>
        <resource identifier="r_contents.lecture-notes.lecture19.pdf"
                  type="other"
                  href="contents/lecture-notes/lecture19.pdf">
            <metadata>
                <adlcp:location>contents/lecture-notes/lecture19.pdf.xml</adlcp:location>
            </metadata>
            <file href="contents/lecture-notes/lecture19.pdf"/>
                        
        </resource>
        <resource identifier="r_contents.assignments.ps_7b.pdf"
                  type="other"
                  href="contents/assignments/ps_7b.pdf">
            <metadata>
                <adlcp:location>contents/assignments/ps_7b.pdf.xml</adlcp:location>
            </metadata>
            <file href="contents/assignments/ps_7b.pdf"/>
                        
        </resource>
        <resource identifier="r_contents.recitations.recitation10.pdf"
                  type="other"
                  href="contents/recitations/recitation10.pdf">
            <metadata>
                <adlcp:location>contents/recitations/recitation10.pdf.xml</adlcp:location>
            </metadata>
            <file href="contents/recitations/recitation10.pdf"/>
                        
        </resource>
        <resource identifier="r_contents.assignments.ps_10a.pdf"
                  type="other"
                  href="contents/assignments/ps_10a.pdf">
            <metadata>
                <adlcp:location>contents/assignments/ps_10a.pdf.xml</adlcp:location>
            </metadata>
            <file href="contents/assignments/ps_10a.pdf"/>
                        
        </resource>
        <resource identifier="r_contents.recitations.recitation1.pdf"
                  type="other"
                  href="contents/recitations/recitation1.pdf">
            <metadata>
                <adlcp:location>contents/recitations/recitation1.pdf.xml</adlcp:location>
            </metadata>
            <file href="contents/recitations/recitation1.pdf"/>
                        
        </resource>
        <resource identifier="r_contents.assignments.ps_9a.pdf"
                  type="other"
                  href="contents/assignments/ps_9a.pdf">
            <metadata>
                <adlcp:location>contents/assignments/ps_9a.pdf.xml</adlcp:location>
            </metadata>
            <file href="contents/assignments/ps_9a.pdf"/>
                        
        </resource>
        <resource identifier="r_contents.lecture-notes.index.htm"
                  type="webcontent"
                  href="contents/lecture-notes/index.htm">
            <metadata>
                <adlcp:location>contents/lecture-notes/index.htm.xml</adlcp:location>
            </metadata>
            <file href="contents/lecture-notes/index.htm"/>
            <dependency identifierref="webrenderrequirements.2-20-marine-hydrodynamics-13-021-spring-2005"/>            
        </resource>
        <resource identifier="r_contents.lecture-notes.lecture6.pdf"
                  type="other"
                  href="contents/lecture-notes/lecture6.pdf">
            <metadata>
                <adlcp:location>contents/lecture-notes/lecture6.pdf.xml</adlcp:location>
            </metadata>
            <file href="contents/lecture-notes/lecture6.pdf"/>
                        
        </resource>
        <resource identifier="r_contents.assignments.ps_2a.pdf"
                  type="other"
                  href="contents/assignments/ps_2a.pdf">
            <metadata>
                <adlcp:location>contents/assignments/ps_2a.pdf.xml</adlcp:location>
            </metadata>
            <file href="contents/assignments/ps_2a.pdf"/>
                        
        </resource>
        <resource identifier="r_contents.assignments.ps_7a.pdf"
                  type="other"
                  href="contents/assignments/ps_7a.pdf">
            <metadata>
                <adlcp:location>contents/assignments/ps_7a.pdf.xml</adlcp:location>
            </metadata>
            <file href="contents/assignments/ps_7a.pdf"/>
                        
        </resource>
        <resource identifier="r_contents.assignments.ps_1.pdf"
                  type="other"
                  href="contents/assignments/ps_1.pdf">
            <metadata>
                <adlcp:location>contents/assignments/ps_1.pdf.xml</adlcp:location>
            </metadata>
            <file href="contents/assignments/ps_1.pdf"/>
                        
        </resource>
        <resource identifier="r_contents.tools.index.htm"
                  type="webcontent"
                  href="contents/tools/index.htm">
            <metadata>
                <adlcp:location>contents/tools/index.htm.xml</adlcp:location>
            </metadata>
            <file href="contents/tools/index.htm"/>
            <dependency identifierref="webrenderrequirements.2-20-marine-hydrodynamics-13-021-spring-2005"/>            
        </resource>
        <resource identifier="r_contents.assignments.index.htm"
                  type="webcontent"
                  href="contents/assignments/index.htm">
            <metadata>
                <adlcp:location>contents/assignments/index.htm.xml</adlcp:location>
            </metadata>
            <file href="contents/assignments/index.htm"/>
            <dependency identifierref="webrenderrequirements.2-20-marine-hydrodynamics-13-021-spring-2005"/>            
        </resource>
        <resource identifier="r_contents.lecture-notes.lecture16.pdf"
                  type="other"
                  href="contents/lecture-notes/lecture16.pdf">
            <metadata>
                <adlcp:location>contents/lecture-notes/lecture16.pdf.xml</adlcp:location>
            </metadata>
            <file href="contents/lecture-notes/lecture16.pdf"/>
                        
        </resource>
        <resource identifier="r_contents.assignments.ps_13b.pdf"
                  type="other"
                  href="contents/assignments/ps_13b.pdf">
            <metadata>
                <adlcp:location>contents/assignments/ps_13b.pdf.xml</adlcp:location>
            </metadata>
            <file href="contents/assignments/ps_13b.pdf"/>
                        
        </resource>
        <resource identifier="r_contents.assignments.ps_4a.pdf"
                  type="other"
                  href="contents/assignments/ps_4a.pdf">
            <metadata>
                <adlcp:location>contents/assignments/ps_4a.pdf.xml</adlcp:location>
            </metadata>
            <file href="contents/assignments/ps_4a.pdf"/>
                        
        </resource>
        <resource identifier="r_contents.lecture-notes.lecture3.pdf"
                  type="other"
                  href="contents/lecture-notes/lecture3.pdf">
            <metadata>
                <adlcp:location>contents/lecture-notes/lecture3.pdf.xml</adlcp:location>
            </metadata>
            <file href="contents/lecture-notes/lecture3.pdf"/>
                        
        </resource>
        <resource identifier="r_contents.assignments.ps_10b.pdf"
                  type="other"
                  href="contents/assignments/ps_10b.pdf">
            <metadata>
                <adlcp:location>contents/assignments/ps_10b.pdf.xml</adlcp:location>
            </metadata>
            <file href="contents/assignments/ps_10b.pdf"/>
                        
        </resource>        
        <resource identifier="r_common.search.AdvancedSearch.htm"
                  type="webcontent"
                  href="common/search/AdvancedSearch.htm">
            <file href="common/search/AdvancedSearch.htm"/>
            <dependency identifierref="webrenderrequirements.2-20-marine-hydrodynamics-13-021-spring-2005"/>            
        </resource>
        <resource identifier="r_common.jsp.feedback.htm"
                  type="webcontent"
                  href="common/jsp/feedback.htm">
            <file href="common/jsp/feedback.htm"/>
            <dependency identifierref="webrenderrequirements.2-20-marine-hydrodynamics-13-021-spring-2005"/>            
        </resource>
        <resource identifier="r_common.terms.index.htm"
                  type="webcontent"
                  href="common/terms/index.htm">
            <file href="common/terms/by.png"/>
            <file href="common/terms/nc.png"/>
            <file href="common/terms/sa.png"/>
            <file href="common/terms/deedheadyellow.png"/>
            <file href="common/terms/freedomsheader.png"/>
            <file href="common/terms/limitationsheader.png"/>
            <file href="common/terms/understandingheader.jpg"/>
            <file href="common/terms/deedfootyellow.png"/>
            <dependency identifierref="webrenderrequirements.2-20-marine-hydrodynamics-13-021-spring-2005"/>            
        </resource>
        <resource identifier="r_common.terms.trademarks.index.htm"
                  type="webcontent"
                  href="common/terms/trademarks/index.htm">
            <file href="common/terms/trademarks/index.htm"/>
            <dependency identifierref="webrenderrequirements.2-20-marine-hydrodynamics-13-021-spring-2005"/>            
        </resource>
        <resource identifier="webrenderrequirements.2-20-marine-hydrodynamics-13-021-spring-2005"
                  type="webcontent">
        	<file href="common/styles/base.css"/>
        	<file href="common/styles/courses.css"/>
        	<file href="common/styles/courses_new.css"/>
        	<file href="common/styles/educator.css"/>
        	<file href="common/styles/global.css"/>
        	<file href="common/styles/grid.css"/>
        	<file href="common/styles/highslide.css"/>
        	<file href="common/styles/highslide-ie6.css"/>
        	<file href="common/styles/jquery.bubblepopup.css"/>
        	<file href="common/styles/jquery.jscrollpane.css"/>
        	<file href="common/styles/jquery-ui.css"/>
        	<file href="common/styles/menu.css"/>
        	<file href="common/styles/scholar2.css"/>
        	<file href="common/styles/media_tabs.css"/>
        	<file href="common/styles/three_play.css"/>
        	<file href="common/scripts/bubble-popup-offline.js"/>
        	<file href="common/scripts/jquery.js"/>
        	<file href="common/scripts/ocw-media-utils.js"/>
        	<file href="common/scripts/ocw-media-utils-offline.js"/>
        	<file href="common/scripts/highslide-with-gallery.js"/>
        	<file href="common/scripts/jquery.bubblepopup.min.js"/>
        	<file href="common/scripts/jquery.jscrollpane.min.js"/>
        	<file href="common/scripts/jquery-ui.min.js"/>
        	<file href="common/scripts/jQuizMe-uncompressed.js"/>
        	<file href="common/scripts/ocw-offline.js"/>
        	<file href="common/scripts/expandy.js"/>
        	<file href="common/scripts/chart.js"/>
        	<file href="common/scripts/jquery.anythingslider.js"/>
        	<file href="common/images/ocw_mast.png"/>
        	<file href="common/images/button_subscribe.png"/>
        	<file href="common/images/icon_fb.png"/>
        	<file href="common/images/icon_gp.png"/>
        	<file href="common/images/icon_pin.png"/>
        	<file href="common/images/icon_tw.png"/>
        	<file href="common/images/icon-question-ovt.png"/>
        	<file href="common/images/icon-question-svt.png"/>
        	<file href="common/images/icon-question-avt.png"/>
        	<file href="common/images/icon-question-cl.png"/>
        	<file href="common/images/top-nav_home.png"/>
        	<file href="common/images/button_search.png"/>
        	<file href="common/images/bg_top.png"/>
        	<file href="common/images/bg_social.png"/>
        	<file href="common/images/bg_social2.png"/>
        	<file href="common/images/bg_mega-courses.png"/>
        	<file href="common/images/bg_center2.png"/>
        	<file href="common/images/bg_course-nav_current.png"/>
        	<file href="common/images/button_donate-now.png"/>
        	<file href="common/images/logo_mit.png"/>
        	<file href="common/images/logo_ocwc.gif"/>
        	<file href="common/images/cc_by-nc-sa.png"/>
        	<file href="common/images/logo_dow.png"/>
        	<file href="common/images/logo_lockheed.png"/>
        	<file href="common/images/logo_mathworks.png"/>
        	<file href="common/images/logo_abinitio.png"/>
        	<file href="common/images/logo_sapient.png"/>
        	<file href="common/images/bg_bottom.png"/>
        	<file href="common/images/nav_arrow.png"/>
        	<file href="common/images/news-subscibe_bg.png"/>
        	<file href="common/images/3play_logo.png"/>
        	<file href="common/images/black-arrow.gif"/>
        	<file href="common/images/trans.gif"/>
        	<file href="common/images/arrow-bullet.gif"/>
        	<file href="common/images/apple-touch-icon.png"/>
        	<file href="common/images/highslide/graphics/zoomin.cur"/>
        	<file href="common/images/highslide/graphics/zoomout.cur"/>
        	<file href="common/images/highslide/graphics/controlbar2.gif"/>
        	<file href="common/images/highslide/graphics/controlbar3.gif"/>
        	<file href="common/images/highslide/graphics/controlbar4.gif"/>
        	<file href="common/images/highslide/graphics/controlbar4-hover.gif"/>
        	<file href="common/images/highslide/graphics/controlbar-black-border.gif"/>
        	<file href="common/images/highslide/graphics/controlbar-white.gif"/>
        	<file href="common/images/highslide/graphics/controlbar-white-small.gif"/>
        	<file href="common/images/highslide/graphics/fullexpand.gif"/>
        	<file href="common/images/highslide/graphics/icon.gif"/>
        	<file href="common/images/highslide/graphics/loader.gif"/>
        	<file href="common/images/highslide/graphics/loader.white.gif"/>
        	<file href="common/images/highslide/graphics/resize.gif"/>
        	<file href="common/images/highslide/graphics/close.png"/>
        	<file href="common/images/highslide/graphics/closeX.png"/>
        	<file href="common/images/highslide/graphics/controlbar-text-buttons.png"/>
        	<file href="common/images/highslide/graphics/geckodimmer.png"/>
        	<file href="common/images/highslide/graphics/scrollarrows.png"/>
        	<file href="common/images/highslide/graphics/outlines/beveled.png"/>
        	<file href="common/images/highslide/graphics/outlines/drop-shadow.png"/>
        	<file href="common/images/highslide/graphics/outlines/glossy-dark.png"/>
        	<file href="common/images/highslide/graphics/outlines/outer-glow.png"/>
        	<file href="common/images/highslide/graphics/outlines/rounded-black.png"/>
        	<file href="common/images/highslide/graphics/outlines/rounded-white.png"/>
        	<file href="common/images/highslide/graphics/outlines/Outlines.psd"/>
        	<file href="common/images/button_continue.jpg"/>
        	<file href="common/images/button_donate.jpg"/>
        	<file href="common/images/button_start.jpg"/>
        	<file href="common/images/scholar_bar_chp.png"/>
        	<file href="common/images/scholar_bar.png"/>
        	<file href="common/images/logo_pdf.jpg"/>
        	<file href="common/images/h2_trigger_open_close.gif"/>
        	<file href="common/images/bookmark.gif"/>
        	<file href="common/images/check.png"/>
        	<file href="common/images/lightbulb.png"/>
        	<file href="common/images/audio_file.gif"/>
        	<file href="common/images/audio_only_slate.gif"/>
        	<file href="common/images/video_file.gif"/>
        	<file href="common/images/back-5.png"/>
        	<file href="common/images/btn_next_resource.png"/>
        	<file href="common/images/btn_previous_resource.png"/>
        	<file href="common/images/close.png"/>
        	<file href="common/images/inacessible.gif"/>
        	<file href="common/images/jquerybubblepopup-theme/grey/ie/bottom-left.gif"/>
        	<file href="common/images/jquerybubblepopup-theme/grey/ie/bottom-middle.gif"/>
        	<file href="common/images/jquerybubblepopup-theme/grey/ie/bottom-right.gif"/>
        	<file href="common/images/jquerybubblepopup-theme/grey/ie/middle-left.gif"/>
        	<file href="common/images/jquerybubblepopup-theme/grey/ie/middle-right.gif"/>
        	<file href="common/images/jquerybubblepopup-theme/grey/ie/tail-bottom.gif"/>
        	<file href="common/images/jquerybubblepopup-theme/grey/ie/tail-left.gif"/>
        	<file href="common/images/jquerybubblepopup-theme/grey/ie/tail-right.gif"/>
        	<file href="common/images/jquerybubblepopup-theme/grey/ie/tail-top.gif"/>
        	<file href="common/images/jquerybubblepopup-theme/grey/ie/top-left.gif"/>
        	<file href="common/images/jquerybubblepopup-theme/grey/ie/top-middle.gif"/>
        	<file href="common/images/jquerybubblepopup-theme/grey/ie/top-right.gif"/>
        	<file href="common/images/jquerybubblepopup-theme/grey/bottom-left.png"/>
        	<file href="common/images/jquerybubblepopup-theme/grey/bottom-middle.png"/>
        	<file href="common/images/jquerybubblepopup-theme/grey/bottom-right.png"/>
        	<file href="common/images/jquerybubblepopup-theme/grey/middle-left.png"/>
        	<file href="common/images/jquerybubblepopup-theme/grey/middle-right.png"/>
        	<file href="common/images/jquerybubblepopup-theme/grey/tail-bottom.png"/>
        	<file href="common/images/jquerybubblepopup-theme/grey/tail-left.png"/>
        	<file href="common/images/jquerybubblepopup-theme/grey/tail-right.png"/>
        	<file href="common/images/jquerybubblepopup-theme/grey/tail-top.png"/>
        	<file href="common/images/jquerybubblepopup-theme/grey/top-left.png"/>
        	<file href="common/images/jquerybubblepopup-theme/grey/top-middle.png"/>
        	<file href="common/images/jquerybubblepopup-theme/grey/top-right.png"/>
        	<file href="common/images/educator/classroom_next.png"/>
        	<file href="common/images/educator/classroom_next_dim.png"/>
        	<file href="common/images/educator/classroom_prev.png"/>
        	<file href="common/images/educator/classroom_prev_dim.png"/>
        	<file href="common/images/educator/edu_b-blank.png"/>
        	<file href="common/images/educator/edu_b-blank-key.png"/>
        	<file href="common/images/educator/edu_b-duedate.png"/>
        	<file href="common/images/educator/edu_b-duedate-key.png"/>
        	<file href="common/images/educator/edu_b-exam.png"/>
        	<file href="common/images/educator/edu_b-exam-key.png"/>
        	<file href="common/images/educator/edu_b-lab.png"/>
        	<file href="common/images/educator/edu_b-lab-key.png"/>
        	<file href="common/images/educator/edu_b-lab-team.png"/>
        	<file href="common/images/educator/edu_b-lab-duedate.png"/>
        	<file href="common/images/educator/edu_b-leclab.png"/>
        	<file href="common/images/educator/edu_b-leclab-key.png"/>
        	<file href="common/images/educator/edu_b-lecture.png"/>
        	<file href="common/images/educator/edu_b-lecture-duedate.png"/>
        	<file href="common/images/educator/edu_b-lecture-exam.png"/>
        	<file href="common/images/educator/edu_b-lecture-key.png"/>
        	<file href="common/images/educator/edu_b-lecture-lunch.png"/>
        	<file href="common/images/educator/edu_b-lecture-preslab.png"/>
        	<file href="common/images/educator/edu_b-lecture-quiz.png"/>
        	<file href="common/images/educator/edu_b-lecture-team.png"/>
        	<file href="common/images/educator/edu_b-lecrec-key.png"/>
        	<file href="common/images/educator/edu_b-leclab-duedate.png"/>
        	<file href="common/images/educator/edu_b-lecrec.png"/>
        	<file href="common/images/educator/edu_b-lecrec-duedate.png"/>
        	<file href="common/images/educator/edu_b-noclass-quiz.png"/>
        	<file href="common/images/educator/edu_b-lunch.png"/>
        	<file href="common/images/educator/edu_b-lunch-key.png"/>
        	<file href="common/images/educator/edu_b-noclass.png"/>
        	<file href="common/images/educator/edu_b-noclass-duedate.png"/>
        	<file href="common/images/educator/edu_b-noclass-exam.png"/>
        	<file href="common/images/educator/edu_b-noclass-key.png"/>
        	<file href="common/images/educator/edu_b-office.png"/>
        	<file href="common/images/educator/edu_b-office-key.png"/>
        	<file href="common/images/educator/edu_b-present.png"/>
        	<file href="common/images/educator/edu_b-present-duedate.png"/>
        	<file href="common/images/educator/edu_b-present-key.png"/>
        	<file href="common/images/educator/edu_b-preslab.png"/>
        	<file href="common/images/educator/edu_b-preslab-key.png"/>
        	<file href="common/images/educator/edu_b-quiz-key.png"/>
        	<file href="common/images/educator/edu_b-reclab-key.png"/>
        	<file href="common/images/educator/edu_b-reclab-concert.png"/>
        	<file href="common/images/educator/edu_b-reclab.png"/>
        	<file href="common/images/educator/edu_b-noclass-concert.png"/>
        	<file href="common/images/educator/edu_b-leclab-concert.png"/>
        	<file href="common/images/educator/edu_b-concert-key.png"/>
        	<file href="common/images/educator/edu_b-concert.png"/>
        	<file href="common/images/educator/edu_b-recitation.png"/>
        	<file href="common/images/educator/edu_b-recitation-duedate.png"/>
        	<file href="common/images/educator/edu_b-recitation-exam.png"/>
        	<file href="common/images/educator/edu_b-recitation-key.png"/>
        	<file href="common/images/educator/edu_b-team.png"/>
        	<file href="common/images/educator/edu_b-team-key.png"/>
        	<file href="common/images/educator/edu_b-team-preslab.png"/>
        	<file href="common/images/educator/edu_b-work.png"/>
        	<file href="common/images/educator/edu_b-work-key.png"/>
        	<file href="common/images/educator/icon-question-cih.png"/>
        	<file href="common/images/educator/icon-question-cihw.png"/>
        	<file href="common/images/educator/icon-question-cim.png"/>
        	<file href="common/images/educator/icon-question-collab.png"/>
        	<file href="common/images/educator/icon-question-coop.png"/>
        	<file href="common/images/educator/icon-question-fas.png"/>
        	<file href="common/images/educator/icon-question-gir.png"/>
        	<file href="common/images/educator/icon-question-hass.png"/>
        	<file href="common/images/educator/icon-question-hass-s.png"/>
        	<file href="common/images/educator/icon-question-iap.png"/>
        	<file href="common/images/educator/icon-question-lab.png"/>
        	<file href="common/images/educator/icon-question-urop.png"/>
        	<file href="common/images/educator/icon-question-active.png"/>
        	<file href="common/images/educator/icon-question-clickq.png"/>
        	<file href="common/images/educator/icon-question-conq.png"/>
        	<file href="common/images/educator/icon-question-flip.png"/>
        	<file href="common/images/educator/icon-question-form.png"/>
        	<file href="common/images/educator/icon-question-immed.png"/>
        	<file href="common/images/educator/icon-question-learn.png"/>
        	<file href="common/images/educator/icon-question-ped.png"/>
        	<file href="common/images/educator/icon-question-readq.png"/>
        	<file href="common/images/educator/icon-question-service.png"/>
        	<file href="common/images/educator/icon-question-sum.png"/>
        	<file href="common/images/educator/icon-question-unrestricted-elective-credits.png"/>
        	<file href="common/webfonts/TitilliumText22L002-webfont.woff"/>
        	<file href="common/webfonts/TitilliumText22L002-webfont.ttf"/>
        	<file href="common/webfonts/TitilliumText22L002-webfont.svg"/>
        	<file href="common/webfonts/TitilliumText22L002-webfont.eot"/>
        	<file href="common/webfonts/TitilliumText22L003-webfont.woff"/>
        	<file href="common/webfonts/TitilliumText22L003-webfont.ttf"/>
        	<file href="common/webfonts/TitilliumText22L003-webfont.eot"/>
        	<file href="common/webfonts/TitilliumText22L003-webfont.svg"/>
        	<file href="common/webfonts/TitilliumText22L005-webfont.woff"/>
        	<file href="common/webfonts/TitilliumText22L005-webfont.ttf"/>
        	<file href="common/webfonts/TitilliumText22L005-webfont.svg"/>
        	<file href="common/webfonts/TitilliumText22L005-webfont.eot"/>
        </resource>        
  </resources>
</manifest>
